<?xml version="1.0" encoding="utf-8"?>

<animfile>
  <definebone>bone_muzzlel01</definebone>
  <definebone>bone_muzzlel02</definebone>
  <definebone>bone_muzzlel03</definebone>
  <definebone>bone_muzzler01</definebone>
  <definebone>bone_muzzler02</definebone>
  <definebone>bone_muzzler03</definebone>
  <definebone>bone_banner</definebone>
  <definebone>bone_debris_1a</definebone>
  <definebone>bone_debris_1b</definebone>
  <definebone>bone_debris_2a</definebone>
  <definebone>bone_debris_3a</definebone>
  <definebone>bone_debris_3b</definebone>
  <definebone>bone_debris_4a</definebone>
  <definebone>bone_debris_5a</definebone>
  <definebone>bone_debris_5b</definebone>
  <definebone>bone_debris_5c</definebone>
  <definebone>bone_debris_5d</definebone>
  <definebone>bone_debris_5e</definebone>
  <definebone>bone_debris_6a</definebone>
  <definebone>bone_debris_6b</definebone>
  <definebone>bone_debris_6c</definebone>
  <attachment>
    DeathWaterFoam
    <component>
      foam
      <assetreference type="ParticleSystem">
        <file>effects\water_effects\shp_dest_foamRing.particle</file>
      </assetreference>
    </component>
    <anim>
      None
      <component>foam</component>
    </anim>
  </attachment>
  <attachment>
    DeathWaterSpray2
    <component>
      spray2
      <assetreference type="ParticleSystem">
        <file>effects\water_effects\shp_dest_foamSpray.particle</file>
      </assetreference>
    </component>
    <anim>
      None
      <component>spray2</component>
    </anim>
  </attachment>
  <attachment>
    DeathWaterSteam
    <component>
      steam
      <assetreference type="ParticleSystem">
        <file>effects\water_effects\shp_dest_foamSteam.particle</file>
      </assetreference>
    </component>
    <anim>
      None
      <component>steam</component>
    </anim>
  </attachment>
  <attachment>
    DeathWaterFade
    <component>
      fade
      <assetreference type="ParticleSystem">
        <file>effects\water_effects\shp_dest_foamFade.particle</file>
      </assetreference>
    </component>
    <anim>
      None
      <component>fade</component>
    </anim>
  </attachment>
  <attachment>
    DeathWaterRipple
    <component>
      ripple
      <assetreference type="ParticleSystem">
        <file>effects\water_effects\shp_dest_shockwave.particle</file>
      </assetreference>
    </component>
    <anim>
      None
      <component>ripple</component>
    </anim>
  </attachment>
  <attachment>
    Pirate_flag
    <component>
      flag
      <assetreference type="ClothFlag">
        <flag>
          <blending>alphatest_nocolor</blending>
          <specialtexture/>
          <width>2.5</width>
          <height>2.0</height>
        </flag>
      </assetreference>
    </component>
    <anim>
      Idle
      <component>flag</component>
    </anim>
  </attachment>
  <component>
    privateer
    <logic type="LowPoly">
      <normal>
        <logic type="Destruction">
          <p1>
            <assetreference type="GrannyModel" shape="ship_privateer">
              <file>units\naval\privateer\privateer_damaged</file>
              <replacetexture>
                <from>units\naval\privateer\privateer_sail</from>
                <to>units\naval\brig\brig_sail</to>
              </replacetexture>
            </assetreference>
          </p1>
          <p99>
            <assetreference type="GrannyModel" shape="ship_privateer">
              <file>units\naval\privateer\privateer</file>
              <replacetexture>
                <from>units\naval\privateer\privateer_sail</from>
                <to>units\naval\brig\brig_sail</to>
              </replacetexture>
            </assetreference>
          </p99>
        </logic>
      </normal>
      <lowpoly>
        <assetreference type="GrannyModel" shape="ship_privateer">
          <file>units\naval\privateer\privateer_low</file>
        </assetreference>
      </lowpoly>
    </logic>
    <decal>
      <effecttype>default</effecttype>
      <selectedtexture>shadows_selections\selection_oval_64x128</selectedtexture>
      <width>8.00</width>
      <height>12.00</height>
    </decal>
  </component>
  <component>
    death
    <assetreference type="GrannyModel">
      <file>units\naval\privateer\privateer_deathModel</file>
    </assetreference>
    <decal>
      <effecttype>default</effecttype>
      <selectedtexture>shadows_selections\selection_oval_64x128</selectedtexture>
      <width>8.00</width>
      <height>12.00</height>
    </decal>
  </component>
  <anim>
    Idle
    <assetreference type="GrannyAnim">
      <file>units\naval\privateer\privateer_idle</file>
    </assetreference>
    <component>privateer</component>
    <simskeleton>
      <model>units\naval\privateer\privateer_damaged</model>
      <damagetemplate>units\naval\privateer\privateer.dmg</damagetemplate>
    </simskeleton>
    <attach a="Pirate_flag" frombone="ATTACHPOINT" tobone="bone_banner" syncanims="0"/>
  </anim>
  <anim>
    Walk
    <assetreference type="GrannyAnim">
      <file>units\naval\privateer\privateer_walk</file>
    </assetreference>
    <component>privateer</component>
    <simskeleton>
      <model>units\naval\privateer\privateer_damaged</model>
      <damagetemplate>units\naval\privateer\privateer.dmg</damagetemplate>
    </simskeleton>
    <attach a="Pirate_flag" frombone="ATTACHPOINT" tobone="bone_banner" syncanims="0"/>
  </anim>
  <anim>
    Death
    <assetreference type="GrannyAnim">
      <file>units\naval\privateer\privateer_deathAnim</file>
    </assetreference>
    <component>death</component>
    <attach a="DeathWaterFade" frombone="ATTACHPOINT" tobone="ATTACHPOINT" syncanims="0"/>
    <attach a="DeathWaterFoam" frombone="ATTACHPOINT" tobone="ATTACHPOINT" syncanims="0"/>
    <attach a="DeathWaterRipple" frombone="ATTACHPOINT" tobone="ATTACHPOINT" syncanims="0"/>
    <attach a="DeathWaterSpray2" frombone="ATTACHPOINT" tobone="ATTACHPOINT" syncanims="0"/>
    <attach a="DeathWaterSteam" frombone="ATTACHPOINT" tobone="ATTACHPOINT" syncanims="0"/>
    <attach a="Pirate_flag" frombone="ATTACHPOINT" tobone="bone_banner" syncanims="0"/>
  </anim>
</animfile>
