<?xml version="1.0" encoding="utf-8"?>

<protounitsounddef>
  <protounit name="Galleon">
    <soundtype name="Select">
      <civlogic>
        <choice name="Nature"/>
        <choice name="British">
          <soundset name="BritishGalleonSelect"/>
        </choice>
        <choice name="Dutch"/>
        <choice name="French">
          <soundset name="FrenchGalleonSelect"/>
        </choice>
        <choice name="Germans">
          <soundset name="GermanGalleonSelect"/>
        </choice>
        <choice name="Ottomans">
          <soundset name="OttomanFishingBoatSelect"/>
        </choice>
        <choice name="Portuguese">
          <soundset name="PortugueseGalleonSelect"/>
        </choice>
        <choice name="Russians">
          <soundset name="RussianGalleonSelect"/>
        </choice>
        <choice name="Spanish">
          <soundset name="SpanishGalleonSelect"/>
        </choice>
        <choice name="Aztecs"/>
        <choice name="Caribs"/>
        <choice name="Cherokee"/>
        <choice name="Comanche"/>
        <choice name="Cree"/>
        <choice name="Iroquois"/>
        <choice name="Incas"/>
        <choice name="Lakota"/>
        <choice name="Maya"/>
        <choice name="Nootka"/>
        <choice name="Seminoles"/>
        <choice name="Tupi"/>
        <choice name="SPCAct1">
          <soundset name="SpanishGalleonSelect"/>
        </choice>
        <choice name="SPCAct3">
          <soundset name="BritishGalleonSelect"/>
        </choice>
        <choice name="SPCAct2">
          <soundset name="BritishGalleonSelect"/>
        </choice>
        <choice name="Japanese">
          <soundset name="JapaneseShipsSelect"/>
        </choice>
        <choice name="Chinese">
          <soundset name="ChineseShipsSelect"/>
        </choice>
        <choice name="Indians">
          <soundset name="IndianShipsSelect"/>
        </choice>
        <choice name="SPCJapanese">
          <soundset name="JapaneseShipsSelect"/>
        </choice>
        <choice name="SPCChinese">
          <soundset name="ChineseShipsSelect"/>
        </choice>
        <choice name="SPCIndians">
          <soundset name="IndianShipsSelect"/>
        </choice>
      </civlogic>
    </soundtype>
    <soundtype name="Death">
      <soundset name="ShipDeath"/>
    </soundtype>
    <soundtype name="Creation">
      <soundset name="ShipBirth"/>
    </soundtype>
    <soundtype name="Acknowledge">
      <civlogic>
        <choice name="Nature"/>
        <choice name="Spanish">
          <soundset name="SpanishGalleonAcknowledge"/>
        </choice>
        <choice name="British">
          <soundset name="BritishGalleonAcknowledge"/>
        </choice>
        <choice name="French">
          <soundset name="FrenchGalleonAcknowledge"/>
        </choice>
        <choice name="Portuguese">
          <soundset name="PortugueseGalleonAcknowledge"/>
        </choice>
        <choice name="Dutch"/>
        <choice name="Russians">
          <soundset name="RussianGalleonAcknowledge"/>
        </choice>
        <choice name="Germans">
          <soundset name="GermanGalleonAcknowledge"/>
        </choice>
        <choice name="Ottomans">
          <soundset name="OttomanFishingBoatAcknowledge"/>
        </choice>
        <choice name="SPCAct1">
          <soundset name="SpanishGalleonAcknowledge"/>
        </choice>
        <choice name="SPCAct2">
          <soundset name="BritishGalleonAcknowledge"/>
        </choice>
        <choice name="SPCAct3">
          <soundset name="BritishGalleonAcknowledge"/>
        </choice>
        <choice name="Pirate"/>
        <choice name="TheCircle"/>
        <choice name="NativeAmerican"/>
        <choice name="Aztecs"/>
        <choice name="Caribs"/>
        <choice name="Cherokee"/>
        <choice name="Comanche"/>
        <choice name="Cree"/>
        <choice name="Incas"/>
        <choice name="Iroquois"/>
        <choice name="Lakota"/>
        <choice name="Maya"/>
        <choice name="Nootka"/>
        <choice name="Seminoles"/>
        <choice name="Tupi"/>
        <choice name="Japanese">
          <soundset name="JapaneseShipsAcknowledge"/>
        </choice>
        <choice name="Chinese">
          <soundset name="ChineseShipsAcknowledge"/>
        </choice>
        <choice name="Indians">
          <soundset name="IndianShipsAcknowledge"/>
        </choice>
        <choice name="SPCJapanese">
          <soundset name="JapaneseShipsAcknowledge"/>
        </choice>
        <choice name="SPCChinese">
          <soundset name="ChineseShipsAcknowledge"/>
        </choice>
        <choice name="SPCIndians">
          <soundset name="IndianShipsAcknowledge"/>
        </choice>
      </civlogic>
    </soundtype>
    <soundtype name="Exists">
      <soundset name="AmbienceShip"/>
    </soundtype>
  </protounit>
</protounitsounddef>
