<?xml version="1.0" encoding="utf-8"?>

<protounitsounddef>
  <protounit name="ManOWar">
    <soundtype name="Select">
      <civlogic>
        <choice name="Nature"/>
        <choice name="French">
          <soundset name="FrenchFrigateSelect"/>
        </choice>
        <choice name="British">
          <soundset name="BritishFrigateSelect"/>
        </choice>
        <choice name="Russians">
          <soundset name="RussianFrigateSelect"/>
        </choice>
        <choice name="Ottomans">
          <soundset name="OttomanFrigateSelect"/>
        </choice>
        <choice name="Dutch">
          <soundset name="DutchFrigateSelect"/>
        </choice>
        <choice name="Spanish">
          <soundset name="SpanishFrigateSelect"/>
        </choice>
        <choice name="Portuguese">
          <soundset name="PortugueseFrigateSelect"/>
        </choice>
        <choice name="Germans">
          <soundset name="GermanFrigateSelect"/>
        </choice>
        <choice name="SPCAct3">
          <soundset name="BritishFrigateSelect"/>
        </choice>
        <choice name="SPCAct2">
          <soundset name="BritishFrigateSelect"/>
        </choice>
        <choice name="XPIroquois">
          <soundset name="IroquoisCanoeSelect"/>
        </choice>
        <choice name="XPSioux">
          <soundset name="SiouxCanoeSelect"/>
        </choice>
        <choice name="XPAztec">
          <soundset name="AztecWarCanoeSelect"/>
        </choice>
        <choice name="XPSPC">
          <soundset name="FrenchFrigateSelect"/>
        </choice>
        <choice name="Japanese">
          <soundset name="JapaneseShipsSelect"/>
        </choice>
        <choice name="Chinese">
          <soundset name="ChineseShipsSelect"/>
        </choice>
        <choice name="Indians">
          <soundset name="IndianShipsSelect"/>
        </choice>
        <choice name="SPCJapanese">
          <soundset name="JapaneseShipsSelect"/>
        </choice>
        <choice name="SPCChinese">
          <soundset name="ChineseShipsSelect"/>
        </choice>
        <choice name="SPCIndians">
          <soundset name="IndianShipsSelect"/>
        </choice>
      </civlogic>
    </soundtype>
    <soundtype name="Death">
      <soundset name="ShipDeath"/>
    </soundtype>
    <soundtype name="Creation">
      <soundset name="ShipBirth"/>
    </soundtype>
    <soundtype name="Acknowledge">
      <civlogic>
        <choice name="Nature"/>
        <choice name="French">
          <soundset name="FrenchFrigateAcknowledge"/>
        </choice>
        <choice name="British">
          <soundset name="BritishFrigateAcknowledge"/>
        </choice>
        <choice name="Russians">
          <soundset name="RussianFrigateAcknowledge"/>
        </choice>
        <choice name="Ottomans">
          <soundset name="OttomanFrigateAcknowledge"/>
        </choice>
        <choice name="Dutch">
          <soundset name="DutchFrigateAcknowledge"/>
        </choice>
        <choice name="Spanish">
          <soundset name="SpanishFrigateAcknowledge"/>
        </choice>
        <choice name="Portuguese">
          <soundset name="PortugueseFrigateAcknowledge"/>
        </choice>
        <choice name="Germans">
          <soundset name="GermanFrigateAcknowledge"/>
        </choice>
        <choice name="SPCAct3">
          <soundset name="BritishFrigateAcknowledge"/>
        </choice>
        <choice name="SPCAct2">
          <soundset name="BritishFrigateAcknowledge"/>
        </choice>
        <choice name="XPIroquois">
          <soundset name="IroquoisCanoeAcknowledge"/>
        </choice>
        <choice name="XPSioux">
          <soundset name="SiouxAcknowledge"/>
        </choice>
        <choice name="XPAztec">
          <soundset name="AztecWarCanoeAcknowledge"/>
        </choice>
        <choice name="XPSPC">
          <soundset name="FrenchFrigateAcknowledge"/>
        </choice>
        <choice name="Japanese">
          <soundset name="JapaneseShipsAcknowledge"/>
        </choice>
        <choice name="Chinese">
          <soundset name="ChineseShipsAcknowledge"/>
        </choice>
        <choice name="Indians">
          <soundset name="IndianShipsAcknowledge"/>
        </choice>
        <choice name="SPCJapanese">
          <soundset name="JapaneseShipsAcknowledge"/>
        </choice>
        <choice name="SPCChinese">
          <soundset name="ChineseShipsAcknowledge"/>
        </choice>
        <choice name="SPCIndians">
          <soundset name="IndianShipsAcknowledge"/>
        </choice>
      </civlogic>
    </soundtype>
    <soundtype name="Exists">
      <soundset name="AmbienceShip"/>
    </soundtype>
  </protounit>
</protounitsounddef>
