<?xml version="1.0" encoding="utf-8"?>

<protounitsounddef>
  <protounit name="Minuteman">
    <soundtype name="Select">
      <civlogic>
        <choice name="Nature"/>
        <choice name="French">
          <soundset name="FrenchSettlerMaleSelect"/>
        </choice>
        <choice name="British">
          <soundset name="BritishSettlerMaleSelect"/>
        </choice>
        <choice name="Russians">
          <soundset name="RussianSettlerMaleSelect"/>
        </choice>
        <choice name="Spanish">
          <soundset name="SpanishSettlerMaleSelect"/>
        </choice>
        <choice name="Ottomans">
          <soundset name="OttomanSettlerMaleSelect"/>
        </choice>
        <choice name="Portuguese">
          <soundset name="PortugueseSettlerMaleSelect"/>
        </choice>
        <choice name="Germans">
          <soundset name="GermanSettlerMaleSelect"/>
        </choice>
        <choice name="Dutch">
          <soundset name="DutchSettlerMaleSelect"/>
        </choice>
        <choice name="Aztecs"/>
        <choice name="Caribs"/>
        <choice name="Cherokee"/>
        <choice name="Comanche"/>
        <choice name="Cree"/>
        <choice name="Incas"/>
        <choice name="Iroquois"/>
        <choice name="Lakota"/>
        <choice name="Maya"/>
        <choice name="Nootka"/>
        <choice name="Seminoles"/>
        <choice name="Tupi"/>
        <choice name="SPCAct1">
          <soundset name="SpanishSettlerMaleSelect"/>
        </choice>
        <choice name="SPCAct2">
          <soundset name="BritishSettlerMaleSelect"/>
        </choice>
        <choice name="SPCAct3">
          <soundset name="BritishSettlerMaleSelect"/>
        </choice>
        <choice name="Japanese">
          <soundset name="OttomanSettlerMaleSelect"/>
        </choice>
        <choice name="Chinese">
          <soundset name="OttomanSettlerMaleSelect"/>
        </choice>
        <choice name="Indians">
          <soundset name="OttomanSettlerMaleSelect"/>
        </choice>
        <choice name="SPCJapanese">
          <soundset name="OttomanSettlerMaleSelect"/>
        </choice>
        <choice name="SPCChinese">
          <soundset name="OttomanSettlerMaleSelect"/>
        </choice>
        <choice name="SPCIndians">
          <soundset name="OttomanSettlerMaleSelect"/>
        </choice>
      </civlogic>
    </soundtype>
    <soundtype name="Grunt">
      <soundset name="GenericMaleGrunt"/>
    </soundtype>
    <soundtype name="Death">
      <soundset name="GenericMaleDeath"/>
    </soundtype>
    <soundtype name="Creation">
      <soundset name="MilitaryBirth"/>
    </soundtype>
    <soundtype name="Acknowledge">
      <civlogic>
        <choice name="Nature">
          <targetlogic>
            <choice name="default"/>
            <choice name="enemy"/>
          </targetlogic>
        </choice>
        <choice name="French">
          <targetlogic>
            <choice name="default">
              <soundset name="FrenchSettlerMaleAcknowledge"/>
            </choice>
            <choice name="enemy">
              <soundset name="FrenchSettlerMaleAttack"/>
            </choice>
          </targetlogic>
        </choice>
        <choice name="British">
          <targetlogic>
            <choice name="default">
              <soundset name="BritishSettlerMaleAcknowledge"/>
            </choice>
            <choice name="enemy">
              <soundset name="BritishSettlerMaleAttack"/>
            </choice>
          </targetlogic>
        </choice>
        <choice name="Russians">
          <targetlogic>
            <choice name="default">
              <soundset name="RussianSettlerMaleAcknowledge"/>
            </choice>
            <choice name="enemy">
              <soundset name="RussianSettlerMaleAttack"/>
            </choice>
          </targetlogic>
        </choice>
        <choice name="Spanish">
          <targetlogic>
            <choice name="default">
              <soundset name="SpanishSettlerMaleAcknowledge"/>
            </choice>
            <choice name="enemy">
              <soundset name="SpanishSettlerMaleAttack"/>
            </choice>
          </targetlogic>
        </choice>
        <choice name="Ottomans">
          <targetlogic>
            <choice name="default">
              <soundset name="OttomanSettlerMaleAcknowledge"/>
            </choice>
            <choice name="enemy">
              <soundset name="OttomanSettlerMaleAttack"/>
            </choice>
          </targetlogic>
        </choice>
        <choice name="Portuguese">
          <targetlogic>
            <choice name="default">
              <soundset name="PortugueseSettlerMaleAcknowledge"/>
            </choice>
            <choice name="enemy">
              <soundset name="PortugueseSettlerMaleAttack"/>
            </choice>
          </targetlogic>
        </choice>
        <choice name="Germans">
          <targetlogic>
            <choice name="default">
              <soundset name="GermanSettlerMaleAcknowledge"/>
            </choice>
            <choice name="enemy">
              <soundset name="GermanSettlerMaleAttack"/>
            </choice>
          </targetlogic>
        </choice>
        <choice name="Dutch">
          <targetlogic>
            <choice name="default">
              <soundset name="DutchSettlerMaleAcknowledge"/>
            </choice>
            <choice name="enemy">
              <soundset name="DutchSettlerMaleAttack"/>
            </choice>
          </targetlogic>
        </choice>
        <choice name="Aztecs">
          <targetlogic>
            <choice name="default"/>
            <choice name="enemy"/>
          </targetlogic>
        </choice>
        <choice name="Caribs">
          <targetlogic>
            <choice name="default"/>
            <choice name="enemy"/>
          </targetlogic>
        </choice>
        <choice name="Cherokee">
          <targetlogic>
            <choice name="default"/>
            <choice name="enemy"/>
          </targetlogic>
        </choice>
        <choice name="Comanche">
          <targetlogic>
            <choice name="default"/>
            <choice name="enemy"/>
          </targetlogic>
        </choice>
        <choice name="Cree">
          <targetlogic>
            <choice name="default"/>
            <choice name="enemy"/>
          </targetlogic>
        </choice>
        <choice name="Incas">
          <targetlogic>
            <choice name="default"/>
            <choice name="enemy"/>
          </targetlogic>
        </choice>
        <choice name="Iroquois">
          <targetlogic>
            <choice name="default"/>
            <choice name="enemy"/>
          </targetlogic>
        </choice>
        <choice name="Lakota">
          <targetlogic>
            <choice name="default"/>
            <choice name="enemy"/>
          </targetlogic>
        </choice>
        <choice name="Maya">
          <targetlogic>
            <choice name="default"/>
            <choice name="enemy"/>
          </targetlogic>
        </choice>
        <choice name="Nootka">
          <targetlogic>
            <choice name="default"/>
            <choice name="enemy"/>
          </targetlogic>
        </choice>
        <choice name="Seminoles">
          <targetlogic>
            <choice name="default"/>
            <choice name="enemy"/>
          </targetlogic>
        </choice>
        <choice name="Tupi">
          <targetlogic>
            <choice name="default"/>
            <choice name="enemy"/>
          </targetlogic>
        </choice>
        <choice name="SPCAct1">
          <targetlogic>
            <choice name="default">
              <soundset name="SpanishSettlerMaleAcknowledge"/>
            </choice>
            <choice name="enemy">
              <soundset name="SpanishSettlerMaleAttack"/>
            </choice>
            <choice name="build"/>
            <choice name="Huntable"/>
            <choice name="Tree"/>
            <choice name="AbstractMine"/>
            <choice name="AbstractFarm"/>
            <choice name="AbstractResourceCrate"/>
            <choice name="AbstractFruit"/>
          </targetlogic>
        </choice>
        <choice name="SPCAct2">
          <targetlogic>
            <choice name="default">
              <soundset name="BritishSettlerMaleAcknowledge"/>
            </choice>
            <choice name="enemy">
              <soundset name="BritishSettlerMaleAttack"/>
            </choice>
            <choice name="build"/>
            <choice name="Huntable"/>
            <choice name="Tree"/>
            <choice name="AbstractMine"/>
            <choice name="AbstractFarm"/>
            <choice name="AbstractResourceCrate"/>
            <choice name="AbstractFruit"/>
          </targetlogic>
        </choice>
        <choice name="SPCAct3">
          <targetlogic>
            <choice name="default">
              <soundset name="BritishSettlerMaleAcknowledge"/>
            </choice>
            <choice name="enemy">
              <soundset name="BritishSettlerMaleAttack"/>
            </choice>
            <choice name="build"/>
            <choice name="Huntable"/>
            <choice name="Tree"/>
            <choice name="AbstractMine"/>
            <choice name="AbstractFarm"/>
            <choice name="AbstractResourceCrate"/>
            <choice name="AbstractFruit"/>
          </targetlogic>
        </choice>
        <choice name="Japanese">
          <targetlogic>
            <choice name="default">
              <soundset name="OttomanSettlerMaleAcknowledge"/>
            </choice>
            <choice name="enemy">
              <soundset name="OttomanSettlerMaleAttack">s        </soundset>
            </choice>
          </targetlogic>
        </choice>
        <choice name="Chinese">
          <targetlogic>
            <choice name="default">
              <soundset name="OttomanSettlerMaleAcknowledge"/>
            </choice>
            <choice name="enemy">
              <soundset name="OttomanSettlerMaleAttack"/>
            </choice>
          </targetlogic>
        </choice>
        <choice name="Indians">
          <targetlogic>
            <choice name="default">
              <soundset name="OttomanSettlerMaleAcknowledge"/>
            </choice>
            <choice name="enemy">
              <soundset name="OttomanSettlerMaleAttack"/>
            </choice>
          </targetlogic>
        </choice>
        <choice name="SPCJapanese">
          <targetlogic>
            <choice name="default">
              <soundset name="OttomanSettlerMaleAcknowledge"/>
            </choice>
            <choice name="enemy">
              <soundset name="OttomanSettlerMaleAttack"/>
            </choice>
          </targetlogic>
        </choice>
        <choice name="SPCChinese">
          <targetlogic>
            <choice name="default">
              <soundset name="OttomanSettlerMaleAcknowledge"/>
            </choice>
            <choice name="enemy">
              <soundset name="OttomanSettlerMaleAttack"/>
            </choice>
          </targetlogic>
        </choice>
        <choice name="SPCIndians">
          <targetlogic>
            <choice name="default">
              <soundset name="OttomanSettlerMaleAcknowledge"/>
            </choice>
            <choice name="enemy">
              <soundset name="OttomanSettlerMaleAttack"/>
            </choice>
          </targetlogic>
        </choice>
      </civlogic>
    </soundtype>
  </protounit>
</protounitsounddef>
