<?xml version="1.0" encoding="utf-8"?>

<protounitsounddef>
  <protounit name="Mortar">
    <soundtype name="Select">
      <civlogic>
        <choice name="Nature"/>
        <choice name="French">
          <soundset name="FrenchMortarSelect"/>
        </choice>
        <choice name="British">
          <soundset name="BritishMortarSelect"/>
        </choice>
        <choice name="Russians">
          <soundset name="RussianMortarSelect"/>
        </choice>
        <choice name="Ottomans">
          <soundset name="OttomanMortarSelect"/>
        </choice>
        <choice name="Dutch">
          <soundset name="DutchMortarSelect"/>
        </choice>
        <choice name="Spanish">
          <soundset name="SpanishMortarSelect"/>
        </choice>
        <choice name="Portuguese">
          <soundset name="PortugueseMortarSelect"/>
        </choice>
        <choice name="Germans">
          <soundset name="GermanMortarSelect"/>
        </choice>
        <choice name="Aztecs"/>
        <choice name="Incas"/>
        <choice name="Maya"/>
        <choice name="Seminoles"/>
        <choice name="Caribs"/>
        <choice name="Cherokee"/>
        <choice name="Iroquois"/>
        <choice name="Cree"/>
        <choice name="Lakota"/>
        <choice name="Comanche"/>
        <choice name="Nootka"/>
        <choice name="Tupi"/>
        <choice name="SPCAct1">
          <soundset name="SpanishMortarSelect"/>
        </choice>
        <choice name="SPCAct3">
          <soundset name="BritishMortarSelect"/>
        </choice>
        <choice name="SPCAct2">
          <soundset name="BritishMortarSelect"/>
        </choice>
        <choice name="XPIroquois">
          <soundset name="IroquoisHorsemanSelect"/>
        </choice>
        <choice name="XPSioux">
          <soundset name="SiouxCoupRiderSelect"/>
        </choice>
        <choice name="XPAztec">
          <soundset name="AztecCoyoteManSelect"/>
        </choice>
        <choice name="XPSPC">
          <soundset name="SPCMilitiaSelect"/>
        </choice>
      </civlogic>
    </soundtype>
    <soundtype name="Grunt">
      <soundset name="GenericMaleGrunt"/>
    </soundtype>
    <soundtype name="Death">
      <soundset name="GenericMaleDeath"/>
    </soundtype>
    <soundtype name="Creation">
      <soundset name="MilitaryBirth"/>
    </soundtype>
    <soundtype name="Acknowledge">
      <civlogic>
        <choice name="Nature">
          <targetlogic>
            <choice name="default"/>
            <choice name="enemy"/>
          </targetlogic>
        </choice>
        <choice name="French">
          <targetlogic>
            <choice name="default">
              <soundset name="FrenchMortarAcknowledge"/>
            </choice>
            <choice name="enemy">
              <soundset name="FrenchMortarAttack"/>
            </choice>
          </targetlogic>
        </choice>
        <choice name="British">
          <targetlogic>
            <choice name="default">
              <soundset name="BritishMortarAcknowledge"/>
            </choice>
            <choice name="enemy">
              <soundset name="BritishMortarAttack"/>
            </choice>
          </targetlogic>
        </choice>
        <choice name="Russians">
          <targetlogic>
            <choice name="default">
              <soundset name="RussianMortarAcknowledge"/>
            </choice>
            <choice name="enemy">
              <soundset name="RussianMortarAttack"/>
            </choice>
          </targetlogic>
        </choice>
        <choice name="Ottomans">
          <targetlogic>
            <choice name="default">
              <soundset name="OttomanMortarAcknowledge"/>
            </choice>
            <choice name="enemy">
              <soundset name="OttomanMortarAttack"/>
            </choice>
          </targetlogic>
        </choice>
        <choice name="Dutch">
          <targetlogic>
            <choice name="default">
              <soundset name="DutchMortarAcknowledge"/>
            </choice>
            <choice name="enemy">
              <soundset name="DutchMortarAttack"/>
            </choice>
          </targetlogic>
        </choice>
        <choice name="Spanish">
          <targetlogic>
            <choice name="default">
              <soundset name="SpanishMortarAcknowledge"/>
            </choice>
            <choice name="enemy">
              <soundset name="SpanishMortarAttack"/>
            </choice>
          </targetlogic>
        </choice>
        <choice name="Portuguese">
          <targetlogic>
            <choice name="default">
              <soundset name="PortugueseMortarAcknowledge"/>
            </choice>
            <choice name="enemy">
              <soundset name="PortugueseMortarAttack"/>
            </choice>
          </targetlogic>
        </choice>
        <choice name="Germans">
          <targetlogic>
            <choice name="default">
              <soundset name="GermanMortarAcknowledge"/>
            </choice>
            <choice name="enemy">
              <soundset name="GermanMortarAttack"/>
            </choice>
          </targetlogic>
        </choice>
        <choice name="Aztecs">
          <targetlogic>
            <choice name="default"/>
            <choice name="enemy"/>
          </targetlogic>
        </choice>
        <choice name="Incas">
          <targetlogic>
            <choice name="default"/>
            <choice name="enemy"/>
          </targetlogic>
        </choice>
        <choice name="Maya">
          <targetlogic>
            <choice name="default"/>
            <choice name="enemy"/>
          </targetlogic>
        </choice>
        <choice name="Seminoles">
          <targetlogic>
            <choice name="default"/>
            <choice name="enemy"/>
          </targetlogic>
        </choice>
        <choice name="Caribs">
          <targetlogic>
            <choice name="default"/>
            <choice name="enemy"/>
          </targetlogic>
        </choice>
        <choice name="Cherokee">
          <targetlogic>
            <choice name="default"/>
            <choice name="enemy"/>
          </targetlogic>
        </choice>
        <choice name="Iroquois">
          <targetlogic>
            <choice name="default"/>
            <choice name="enemy"/>
          </targetlogic>
        </choice>
        <choice name="Cree">
          <targetlogic>
            <choice name="default"/>
            <choice name="enemy"/>
          </targetlogic>
        </choice>
        <choice name="Lakota">
          <targetlogic>
            <choice name="default"/>
            <choice name="enemy"/>
          </targetlogic>
        </choice>
        <choice name="Comanche">
          <targetlogic>
            <choice name="default"/>
            <choice name="enemy"/>
          </targetlogic>
        </choice>
        <choice name="Nootka">
          <targetlogic>
            <choice name="default"/>
            <choice name="enemy"/>
          </targetlogic>
        </choice>
        <choice name="Tupi">
          <targetlogic>
            <choice name="default"/>
            <choice name="enemy"/>
          </targetlogic>
        </choice>
        <choice name="SPCAct1">
          <targetlogic>
            <choice name="default">
              <soundset name="SpanishMortarAcknowledge"/>
            </choice>
            <choice name="enemy">
              <soundset name="SpanishMortarAttack"/>
            </choice>
            <choice name="build"/>
            <choice name="Huntable"/>
            <choice name="Tree"/>
            <choice name="AbstractMine"/>
            <choice name="AbstractFarm"/>
            <choice name="AbstractResourceCrate"/>
            <choice name="AbstractFruit"/>
          </targetlogic>
        </choice>
        <choice name="SPCAct3">
          <targetlogic>
            <choice name="default">
              <soundset name="BritishMortarAcknowledge"/>
            </choice>
            <choice name="enemy">
              <soundset name="BritishMortarAttack"/>
            </choice>
            <choice name="build"/>
            <choice name="Huntable"/>
            <choice name="Tree"/>
            <choice name="AbstractMine"/>
            <choice name="AbstractFarm"/>
            <choice name="AbstractResourceCrate"/>
            <choice name="AbstractFruit"/>
          </targetlogic>
        </choice>
        <choice name="SPCAct2">
          <targetlogic>
            <choice name="default">
              <soundset name="BritishMortarAcknowledge"/>
            </choice>
            <choice name="enemy">
              <soundset name="BritishMortarAttack"/>
            </choice>
            <choice name="build"/>
            <choice name="Huntable"/>
            <choice name="Tree"/>
            <choice name="AbstractMine"/>
            <choice name="AbstractFarm"/>
            <choice name="AbstractResourceCrate"/>
            <choice name="AbstractFruit"/>
          </targetlogic>
        </choice>
        <choice name="XPIroquois">
          <targetlogic>
            <choice name="default">
              <soundset name="IroquoisHorsemanAcknowledge"/>
            </choice>
            <choice name="enemy">
              <soundset name="IroquoisHorsemanAttack"/>
            </choice>
            <choice name="build"/>
            <choice name="Huntable"/>
            <choice name="Tree"/>
            <choice name="AbstractMine"/>
            <choice name="AbstractFarm"/>
            <choice name="AbstractResourceCrate"/>
            <choice name="AbstractFruit"/>
          </targetlogic>
        </choice>
        <choice name="XPSioux">
          <targetlogic>
            <choice name="default">
              <soundset name="SiouxCoupRiderAcknowledge"/>
            </choice>
            <choice name="enemy">
              <soundset name="SiouxCoupRiderAttack"/>
            </choice>
            <choice name="build"/>
            <choice name="Huntable"/>
            <choice name="Tree"/>
            <choice name="AbstractMine"/>
            <choice name="AbstractFarm"/>
            <choice name="AbstractResourceCrate"/>
            <choice name="AbstractFruit"/>
          </targetlogic>
        </choice>
        <choice name="XPAztec">
          <targetlogic>
            <choice name="default">
              <soundset name="AztecCoyoteManAcknowledge"/>
            </choice>
            <choice name="enemy">
              <soundset name="AztecCoyoteManAttack"/>
            </choice>
            <choice name="build"/>
            <choice name="Huntable"/>
            <choice name="Tree"/>
            <choice name="AbstractMine"/>
            <choice name="AbstractFarm"/>
            <choice name="AbstractResourceCrate"/>
            <choice name="AbstractFruit"/>
          </targetlogic>
        </choice>
        <choice name="XPSPC">
          <targetlogic>
            <choice name="default">
              <soundset name="SPCMilitiaAcknowledge"/>
            </choice>
            <choice name="enemy">
              <soundset name="SPCMilitiaAttack"/>
            </choice>
            <choice name="build"/>
            <choice name="Huntable"/>
            <choice name="Tree"/>
            <choice name="AbstractMine"/>
            <choice name="AbstractFarm"/>
            <choice name="AbstractResourceCrate"/>
            <choice name="AbstractFruit"/>
          </targetlogic>
        </choice>
      </civlogic>
    </soundtype>
  </protounit>
</protounitsounddef>
