<?xml version="1.0" encoding="utf-8"?>

<protounitsounddef>
  <protounit name="SPCHoopThrowers">
    <soundtype name="Select">
      <soundset name="SpanishCulverinSelect"/>
    </soundtype>
    <soundtype name="Grunt">
      <soundset name="GenericMaleGrunt"/>
    </soundtype>
    <soundtype name="Death">
      <soundset name="GenericMaleDeath"/>
    </soundtype>
    <soundtype name="Creation">
      <soundset name="MilitaryBirth"/>
    </soundtype>
    <soundtype name="Acknowledge">
      <targetlogic>
        <choice name="default">
          <soundset name="SpanishCulverinAcknowledge"/>
        </choice>
        <choice name="enemy">
          <soundset name="SpanishCulverinAttack"/>
        </choice>
        <choice name="build"/>
        <choice name="Huntable"/>
        <choice name="Tree"/>
        <choice name="AbstractMine"/>
        <choice name="AbstractFarm"/>
        <choice name="AbstractResourceCrate"/>
        <choice name="AbstractFruit"/>
      </targetlogic>
    </soundtype>
  </protounit>
</protounitsounddef>
