<?xml version="1.0" encoding="utf-8"?>

<protounitsounddef>
  <protounit name="Falconet">
    <soundtype name="Select">
      <civlogic>
        <choice name="Nature"/>
        <choice name="French">
          <soundset name="FrenchFalconetSelect"/>
        </choice>
        <choice name="British">
          <soundset name="BritishFalconetSelect"/>
        </choice>
        <choice name="Russians">
          <soundset name="RussianFalconetSelect"/>
        </choice>
        <choice name="Ottomans">
          <soundset name="OttomanFalconetSelect"/>
        </choice>
        <choice name="Dutch">
          <soundset name="DutchFalconetSelect"/>
        </choice>
        <choice name="Spanish">
          <soundset name="SpanishFalconetSelect"/>
        </choice>
        <choice name="Portuguese">
          <soundset name="PortugueseFalconetSelect"/>
        </choice>
        <choice name="Germans">
          <soundset name="GermanMusketeerSelect"/>
        </choice>
        <choice name="Aztecs"/>
        <choice name="Incas"/>
        <choice name="Maya"/>
        <choice name="Seminoles"/>
        <choice name="Caribs"/>
        <choice name="Cherokee"/>
        <choice name="Iroquois"/>
        <choice name="Cree"/>
        <choice name="Lakota"/>
        <choice name="Comanche"/>
        <choice name="Nootka"/>
        <choice name="Tupi"/>
        <choice name="SPCAct1">
          <soundset name="SpanishFalconetSelect"/>
        </choice>
        <choice name="SPCAct3">
          <soundset name="BritishFalconetSelect"/>
        </choice>
        <choice name="SPCAct2">
          <soundset name="BritishFalconetSelect"/>
        </choice>
        <choice name="XPSPC">
          <soundset name="SPCAmericanSelect"/>
        </choice>
        <choice name="XPIroquois">
          <soundset name="IroquoisMusketRiderSelect"/>
        </choice>
        <choice name="XPSioux">
          <soundset name="SiouxRifleRiderSelect"/>
        </choice>
        <choice name="XPAztec">
          <soundset name="AztecSkullKnightSelect"/>
        </choice>
      </civlogic>
    </soundtype>
    <soundtype name="Grunt">
      <soundset name="GenericMaleGrunt"/>
    </soundtype>
    <soundtype name="Death">
      <soundset name="GenericMaleDeath"/>
    </soundtype>
    <soundtype name="Creation">
      <soundset name="MilitaryBirth"/>
    </soundtype>
    <soundtype name="Acknowledge">
      <civlogic>
        <choice name="Nature">
          <targetlogic>
            <choice name="default">
              <soundset name="BritishPikemanAcknowledge"/>
            </choice>
            <choice name="enemy">
              <soundset name="BritishPikemanAttack"/>
            </choice>
          </targetlogic>
        </choice>
        <choice name="French">
          <targetlogic>
            <choice name="default">
              <soundset name="FrenchFalconetAcknowledge"/>
            </choice>
            <choice name="enemy">
              <soundset name="FrenchFalconetAttack"/>
            </choice>
          </targetlogic>
        </choice>
        <choice name="British">
          <targetlogic>
            <choice name="default">
              <soundset name="BritishFalconetAcknowledge"/>
            </choice>
            <choice name="enemy">
              <soundset name="BritishFalconetAttack"/>
            </choice>
          </targetlogic>
        </choice>
        <choice name="Russians">
          <targetlogic>
            <choice name="default">
              <soundset name="RussianFalconetAcknowledge"/>
            </choice>
            <choice name="enemy">
              <soundset name="RussianFalconetAttack"/>
            </choice>
          </targetlogic>
        </choice>
        <choice name="Ottomans">
          <targetlogic>
            <choice name="default">
              <soundset name="OttomanFalconetAcknowledge"/>
            </choice>
            <choice name="enemy">
              <soundset name="OttomanFalconetAttack"/>
            </choice>
          </targetlogic>
        </choice>
        <choice name="Dutch">
          <targetlogic>
            <choice name="default">
              <soundset name="DutchFalconetAcknowledge"/>
            </choice>
            <choice name="enemy">
              <soundset name="DutchFalconetAttack"/>
            </choice>
          </targetlogic>
        </choice>
        <choice name="Spanish">
          <targetlogic>
            <choice name="default">
              <soundset name="SpanishFalconetAcknowledge"/>
            </choice>
            <choice name="enemy">
              <soundset name="SpanishFalconetAttack"/>
            </choice>
          </targetlogic>
        </choice>
        <choice name="Portuguese">
          <targetlogic>
            <choice name="default">
              <soundset name="PortugueseFalconetAcknowledge"/>
            </choice>
            <choice name="enemy">
              <soundset name="PortugueseFalconetAttack"/>
            </choice>
          </targetlogic>
        </choice>
        <choice name="Germans">
          <targetlogic>
            <choice name="default">
              <soundset name="GermanMusketeerAcknowledge"/>
            </choice>
            <choice name="enemy">
              <soundset name="GermanMusketeerAttack"/>
            </choice>
          </targetlogic>
        </choice>
        <choice name="Aztecs">
          <targetlogic>
            <choice name="default"/>
            <choice name="enemy"/>
          </targetlogic>
        </choice>
        <choice name="Incas">
          <targetlogic>
            <choice name="default"/>
            <choice name="enemy"/>
          </targetlogic>
        </choice>
        <choice name="Maya">
          <targetlogic>
            <choice name="default"/>
            <choice name="enemy"/>
          </targetlogic>
        </choice>
        <choice name="Seminoles">
          <targetlogic>
            <choice name="default"/>
            <choice name="enemy"/>
          </targetlogic>
        </choice>
        <choice name="Caribs">
          <targetlogic>
            <choice name="default"/>
            <choice name="enemy"/>
          </targetlogic>
        </choice>
        <choice name="Cherokee">
          <targetlogic>
            <choice name="default"/>
            <choice name="enemy"/>
          </targetlogic>
        </choice>
        <choice name="Iroquois">
          <targetlogic>
            <choice name="default"/>
            <choice name="enemy"/>
          </targetlogic>
        </choice>
        <choice name="Cree">
          <targetlogic>
            <choice name="default"/>
            <choice name="enemy"/>
          </targetlogic>
        </choice>
        <choice name="Lakota">
          <targetlogic>
            <choice name="default"/>
            <choice name="enemy"/>
          </targetlogic>
        </choice>
        <choice name="Comanche">
          <targetlogic>
            <choice name="default"/>
            <choice name="enemy"/>
          </targetlogic>
        </choice>
        <choice name="Nootka">
          <targetlogic>
            <choice name="default"/>
            <choice name="enemy"/>
          </targetlogic>
        </choice>
        <choice name="Tupi">
          <targetlogic>
            <choice name="default"/>
            <choice name="enemy"/>
          </targetlogic>
        </choice>
        <choice name="SPCAct1">
          <targetlogic>
            <choice name="default">
              <soundset name="SpanishFalconetAcknowledge"/>
            </choice>
            <choice name="enemy">
              <soundset name="SpanishFalconetAttack"/>
            </choice>
            <choice name="build"/>
            <choice name="Huntable"/>
            <choice name="Tree"/>
            <choice name="AbstractMine"/>
            <choice name="AbstractFarm"/>
            <choice name="AbstractResourceCrate"/>
            <choice name="AbstractFruit"/>
          </targetlogic>
        </choice>
        <choice name="SPCAct3">
          <targetlogic>
            <choice name="default">
              <soundset name="BritishFalconetAcknowledge"/>
            </choice>
            <choice name="enemy">
              <soundset name="BritishFalconetAttack"/>
            </choice>
            <choice name="build"/>
            <choice name="Huntable"/>
            <choice name="Tree"/>
            <choice name="AbstractMine"/>
            <choice name="AbstractFarm"/>
            <choice name="AbstractResourceCrate"/>
            <choice name="AbstractFruit"/>
          </targetlogic>
        </choice>
        <choice name="SPCAct2">
          <targetlogic>
            <choice name="default">
              <soundset name="BritishFalconetAcknowledge"/>
            </choice>
            <choice name="enemy">
              <soundset name="BritishFalconetAttack"/>
            </choice>
            <choice name="build"/>
            <choice name="Huntable"/>
            <choice name="Tree"/>
            <choice name="AbstractMine"/>
            <choice name="AbstractFarm"/>
            <choice name="AbstractResourceCrate"/>
            <choice name="AbstractFruit"/>
          </targetlogic>
        </choice>
        <choice name="XPSPC">
          <targetlogic>
            <choice name="default">
              <soundset name="SPCAmericanAcknowledge"/>
            </choice>
            <choice name="enemy">
              <soundset name="SPCAmericanAttack"/>
            </choice>
            <choice name="build"/>
            <choice name="Huntable"/>
            <choice name="Tree"/>
            <choice name="AbstractMine"/>
            <choice name="AbstractFarm"/>
            <choice name="AbstractResourceCrate"/>
            <choice name="AbstractFruit"/>
          </targetlogic>
        </choice>
        <choice name="XPIroquois">
          <targetlogic>
            <choice name="default">
              <soundset name="IroquoisMusketRiderAcknowledge"/>
            </choice>
            <choice name="enemy">
              <soundset name="IroquoisMusketRiderAttack"/>
            </choice>
            <choice name="build"/>
            <choice name="Huntable"/>
            <choice name="Tree"/>
            <choice name="AbstractMine"/>
            <choice name="AbstractFarm"/>
            <choice name="AbstractResourceCrate"/>
            <choice name="AbstractFruit"/>
          </targetlogic>
        </choice>
        <choice name="XPSioux">
          <targetlogic>
            <choice name="default">
              <soundset name="SiouxRifleRiderAcknowledge"/>
            </choice>
            <choice name="enemy">
              <soundset name="SiouxRifleRiderAttack"/>
            </choice>
            <choice name="build"/>
            <choice name="Huntable"/>
            <choice name="Tree"/>
            <choice name="AbstractMine"/>
            <choice name="AbstractFarm"/>
            <choice name="AbstractResourceCrate"/>
            <choice name="AbstractFruit"/>
          </targetlogic>
        </choice>
        <choice name="XPAztec">
          <targetlogic>
            <choice name="default">
              <soundset name="AztecSkullKnightAcknowledge"/>
            </choice>
            <choice name="enemy">
              <soundset name="AztecSkullKnightAttack"/>
            </choice>
            <choice name="build"/>
            <choice name="Huntable"/>
            <choice name="Tree"/>
            <choice name="AbstractMine"/>
            <choice name="AbstractFarm"/>
            <choice name="AbstractResourceCrate"/>
            <choice name="AbstractFruit"/>
          </targetlogic>
        </choice>
      </civlogic>
    </soundtype>
  </protounit>
</protounitsounddef>
