<?xml version="1.0" encoding="utf-8"?>

<protounitsounddef>
  <protounit name="Hussar">
    <soundtype name="Select">
      <civlogic>
        <choice name="Nature"/>
        <choice name="French">
          <soundset name="FrenchGrenadierSelect"/>
        </choice>
        <choice name="British">
          <soundset name="BritishLightCavalrySelect"/>
        </choice>
        <choice name="Russians">
          <soundset name="RussianCossackSelect"/>
        </choice>
        <choice name="Portuguese">
          <soundset name="PortugueseLightCavalrySelect"/>
        </choice>
        <choice name="Ottomans">
          <soundset name="OttomanLightCavalrySelect"/>
        </choice>
        <choice name="Spanish">
          <soundset name="SpanishLightCavalrySelect"/>
        </choice>
        <choice name="Dutch">
          <soundset name="DutchHussarSelect"/>
        </choice>
        <choice name="Germans">
          <soundset name="GermanHussarSelect"/>
        </choice>
        <choice name="Aztecs"/>
        <choice name="Caribs"/>
        <choice name="Cherokee"/>
        <choice name="Comanche"/>
        <choice name="Cree"/>
        <choice name="Incas"/>
        <choice name="Iroquois"/>
        <choice name="Lakota"/>
        <choice name="Maya"/>
        <choice name="Nootka"/>
        <choice name="Seminoles"/>
        <choice name="Tupi"/>
        <choice name="SPCAct1">
          <soundset name="SpanishLightCavalrySelect"/>
        </choice>
        <choice name="SPCAct3">
          <soundset name="BritishLightCavalrySelect"/>
        </choice>
        <choice name="XPSPC">
          <soundset name="SPCAmericanSelect"/>
        </choice>
      </civlogic>
    </soundtype>
    <soundtype name="Grunt">
      <soundset name="CavalryGrunt"/>
    </soundtype>
    <soundtype name="Death">
      <soundset name="GenericMaleDeath"/>
    </soundtype>
    <soundtype name="Creation">
      <soundset name="MilitaryBirth"/>
    </soundtype>
    <soundtype name="Acknowledge">
      <civlogic>
        <choice name="Nature">
          <targetlogic>
            <choice name="default"/>
            <choice name="enemy"/>
          </targetlogic>
        </choice>
        <choice name="French">
          <targetlogic>
            <choice name="default">
              <soundset name="FrenchGrenadierAcknowledge"/>
            </choice>
            <choice name="enemy">
              <soundset name="FrenchGrenadierAttack"/>
            </choice>
          </targetlogic>
        </choice>
        <choice name="British">
          <targetlogic>
            <choice name="default">
              <soundset name="BritishLightCavalryAcknowledge"/>
            </choice>
            <choice name="enemy">
              <soundset name="BritishLightCavalryAttack"/>
            </choice>
          </targetlogic>
        </choice>
        <choice name="Russians">
          <targetlogic>
            <choice name="default">
              <soundset name="RussianCossackAcknowledge"/>
            </choice>
            <choice name="enemy">
              <soundset name="RussianCossackAttack"/>
            </choice>
          </targetlogic>
        </choice>
        <choice name="Portuguese">
          <targetlogic>
            <choice name="default">
              <soundset name="PortugueseLightCavalryAcknowledge"/>
            </choice>
            <choice name="enemy">
              <soundset name="PortugueseLightCavalryAttack"/>
            </choice>
          </targetlogic>
        </choice>
        <choice name="Ottomans">
          <targetlogic>
            <choice name="default">
              <soundset name="OttomanLightCavalryAcknowledge"/>
            </choice>
            <choice name="enemy">
              <soundset name="OttomanLightCavalryAttack"/>
            </choice>
          </targetlogic>
        </choice>
        <choice name="Spanish">
          <targetlogic>
            <choice name="default">
              <soundset name="SpanishLightCavalryAcknowledge"/>
            </choice>
            <choice name="enemy">
              <soundset name="SpanishLightCavalryAttack"/>
            </choice>
          </targetlogic>
        </choice>
        <choice name="Dutch">
          <targetlogic>
            <choice name="default">
              <soundset name="DutchHussarAcknowledge"/>
            </choice>
            <choice name="enemy">
              <soundset name="DutchHussarAttack"/>
            </choice>
          </targetlogic>
        </choice>
        <choice name="Germans">
          <targetlogic>
            <choice name="default">
              <soundset name="GermanHussarAcknowledge"/>
            </choice>
            <choice name="enemy">
              <soundset name="GermanHussarAttack"/>
            </choice>
          </targetlogic>
        </choice>
        <choice name="Aztecs">
          <targetlogic>
            <choice name="default"/>
            <choice name="enemy"/>
          </targetlogic>
        </choice>
        <choice name="Caribs">
          <targetlogic>
            <choice name="default"/>
            <choice name="enemy"/>
          </targetlogic>
        </choice>
        <choice name="Cherokee">
          <targetlogic>
            <choice name="default"/>
            <choice name="enemy"/>
          </targetlogic>
        </choice>
        <choice name="Comanche">
          <targetlogic>
            <choice name="default"/>
            <choice name="enemy"/>
          </targetlogic>
        </choice>
        <choice name="Cree">
          <targetlogic>
            <choice name="default"/>
            <choice name="enemy"/>
          </targetlogic>
        </choice>
        <choice name="Incas">
          <targetlogic>
            <choice name="default"/>
            <choice name="enemy"/>
          </targetlogic>
        </choice>
        <choice name="Iroquois">
          <targetlogic>
            <choice name="default"/>
            <choice name="enemy"/>
          </targetlogic>
        </choice>
        <choice name="Lakota">
          <targetlogic>
            <choice name="default"/>
            <choice name="enemy"/>
          </targetlogic>
        </choice>
        <choice name="Maya">
          <targetlogic>
            <choice name="default"/>
            <choice name="enemy"/>
          </targetlogic>
        </choice>
        <choice name="Nootka">
          <targetlogic>
            <choice name="default"/>
            <choice name="enemy"/>
          </targetlogic>
        </choice>
        <choice name="Seminoles">
          <targetlogic>
            <choice name="default"/>
            <choice name="enemy"/>
          </targetlogic>
        </choice>
        <choice name="Tupi">
          <targetlogic>
            <choice name="default"/>
            <choice name="enemy"/>
          </targetlogic>
        </choice>
        <choice name="SPCAct1">
          <targetlogic>
            <choice name="default">
              <soundset name="SpanishLightCavalryAcknowledge"/>
            </choice>
            <choice name="enemy">
              <soundset name="SpanishLightCavalryAttack"/>
            </choice>
            <choice name="build"/>
            <choice name="Huntable"/>
            <choice name="Tree"/>
            <choice name="AbstractMine"/>
            <choice name="AbstractFarm"/>
            <choice name="AbstractResourceCrate"/>
            <choice name="AbstractFruit"/>
          </targetlogic>
        </choice>
        <choice name="SPCAct3">
          <targetlogic>
            <choice name="default">
              <soundset name="BritishLightCavalryAcknowledge"/>
            </choice>
            <choice name="enemy">
              <soundset name="BritishLightCavalryAttack"/>
            </choice>
            <choice name="build"/>
            <choice name="Huntable"/>
            <choice name="Tree"/>
            <choice name="AbstractMine"/>
            <choice name="AbstractFarm"/>
            <choice name="AbstractResourceCrate"/>
            <choice name="AbstractFruit"/>
          </targetlogic>
        </choice>
        <choice name="XPSPC">
          <targetlogic>
            <choice name="default">
              <soundset name="SPCAmericanAcknowledge"/>
            </choice>
            <choice name="enemy">
              <soundset name="SPCAmericanAttack"/>
            </choice>
            <choice name="build"/>
            <choice name="Huntable"/>
            <choice name="Tree"/>
            <choice name="AbstractMine"/>
            <choice name="AbstractFarm"/>
            <choice name="AbstractResourceCrate"/>
            <choice name="AbstractFruit"/>
          </targetlogic>
        </choice>
      </civlogic>
    </soundtype>
  </protounit>
</protounitsounddef>
