<?xml version="1.0" encoding="utf-8"?>

<protounitsounddef>
  <protounit name="Pikeman">
    <soundtype name="Select">
      <civlogic>
        <choice name="Nature"/>
        <choice name="French">
          <soundset name="FrenchPikemanSelect"/>
        </choice>
        <choice name="British">
          <soundset name="BritishPikemanSelect"/>
        </choice>
        <choice name="Russians">
          <soundset name="RussianPikemanSelect"/>
        </choice>
        <choice name="Ottomans"/>
        <choice name="Dutch">
          <soundset name="DutchPikemanSelect"/>
        </choice>
        <choice name="Spanish">
          <soundset name="SpanishPikemanSelect"/>
        </choice>
        <choice name="Portuguese">
          <soundset name="PortuguesePikemanSelect"/>
        </choice>
        <choice name="Germans">
          <soundset name="GermanPikemanSelect"/>
        </choice>
        <choice name="Aztecs"/>
        <choice name="Incas"/>
        <choice name="Maya"/>
        <choice name="Seminoles"/>
        <choice name="Caribs"/>
        <choice name="Cherokee"/>
        <choice name="Iroquois"/>
        <choice name="Cree"/>
        <choice name="Lakota"/>
        <choice name="Comanche"/>
        <choice name="Nootka"/>
        <choice name="Tupi"/>
        <choice name="SPCAct1">
          <soundset name="SpanishPikemanSelect"/>
        </choice>
        <choice name="SPCAct3">
          <soundset name="BritishPikemanSelect"/>
        </choice>
        <choice name="SPCAct2">
          <soundset name="BritishPikemanSelect"/>
        </choice>
      </civlogic>
    </soundtype>
    <soundtype name="Grunt">
      <soundset name="GenericMaleGrunt"/>
    </soundtype>
    <soundtype name="Death">
      <soundset name="GenericMaleDeath"/>
    </soundtype>
    <soundtype name="Creation">
      <soundset name="MilitaryBirth"/>
    </soundtype>
    <soundtype name="Acknowledge">
      <civlogic>
        <choice name="Nature">
          <targetlogic>
            <choice name="default"/>
            <choice name="enemy"/>
          </targetlogic>
        </choice>
        <choice name="French">
          <targetlogic>
            <choice name="default">
              <soundset name="FrenchPikemanAcknowledge"/>
            </choice>
            <choice name="enemy">
              <soundset name="FrenchPikemanAttack"/>
            </choice>
          </targetlogic>
        </choice>
        <choice name="British">
          <targetlogic>
            <choice name="default">
              <soundset name="BritishPikemanAcknowledge"/>
            </choice>
            <choice name="enemy">
              <soundset name="BritishPikemanAttack"/>
            </choice>
          </targetlogic>
        </choice>
        <choice name="Russians">
          <targetlogic>
            <choice name="default">
              <soundset name="RussianPikemanAcknowledge"/>
            </choice>
            <choice name="enemy">
              <soundset name="RussianPikemanAttack"/>
            </choice>
          </targetlogic>
        </choice>
        <choice name="Ottomans">
          <targetlogic>
            <choice name="default"/>
            <choice name="enemy"/>
          </targetlogic>
        </choice>
        <choice name="Dutch">
          <targetlogic>
            <choice name="default">
              <soundset name="DutchPikemanAcknowledge"/>
            </choice>
            <choice name="enemy">
              <soundset name="DutchPikemanAttack"/>
            </choice>
          </targetlogic>
        </choice>
        <choice name="Spanish">
          <targetlogic>
            <choice name="default">
              <soundset name="SpanishPikemanAcknowledge"/>
            </choice>
            <choice name="enemy">
              <soundset name="SpanishPikemanAttack"/>
            </choice>
          </targetlogic>
        </choice>
        <choice name="Portuguese">
          <targetlogic>
            <choice name="default">
              <soundset name="PortuguesePikemanAcknowledge"/>
            </choice>
            <choice name="enemy">
              <soundset name="PortuguesePikemanAttack"/>
            </choice>
          </targetlogic>
        </choice>
        <choice name="Germans">
          <targetlogic>
            <choice name="default">
              <soundset name="GermanPikemanAcknowledge"/>
            </choice>
            <choice name="enemy">
              <soundset name="GermanPikemanAttack"/>
            </choice>
          </targetlogic>
        </choice>
        <choice name="Aztecs">
          <targetlogic>
            <choice name="default"/>
            <choice name="enemy"/>
          </targetlogic>
        </choice>
        <choice name="Incas">
          <targetlogic>
            <choice name="default"/>
            <choice name="enemy"/>
          </targetlogic>
        </choice>
        <choice name="Maya">
          <targetlogic>
            <choice name="default"/>
            <choice name="enemy"/>
          </targetlogic>
        </choice>
        <choice name="Seminoles">
          <targetlogic>
            <choice name="default"/>
            <choice name="enemy"/>
          </targetlogic>
        </choice>
        <choice name="Caribs">
          <targetlogic>
            <choice name="default"/>
            <choice name="enemy"/>
          </targetlogic>
        </choice>
        <choice name="Cherokee">
          <targetlogic>
            <choice name="default"/>
            <choice name="enemy"/>
          </targetlogic>
        </choice>
        <choice name="Iroquois">
          <targetlogic>
            <choice name="default"/>
            <choice name="enemy"/>
          </targetlogic>
        </choice>
        <choice name="Cree">
          <targetlogic>
            <choice name="default"/>
            <choice name="enemy"/>
          </targetlogic>
        </choice>
        <choice name="Lakota">
          <targetlogic>
            <choice name="default"/>
            <choice name="enemy"/>
          </targetlogic>
        </choice>
        <choice name="Comanche">
          <targetlogic>
            <choice name="default"/>
            <choice name="enemy"/>
          </targetlogic>
        </choice>
        <choice name="Nootka">
          <targetlogic>
            <choice name="default"/>
            <choice name="enemy"/>
          </targetlogic>
        </choice>
        <choice name="Tupi">
          <targetlogic>
            <choice name="default"/>
            <choice name="enemy"/>
          </targetlogic>
        </choice>
        <choice name="SPCAct1">
          <targetlogic>
            <choice name="default">
              <soundset name="SpanishPikemanAcknowledge"/>
            </choice>
            <choice name="enemy">
              <soundset name="SpanishPikemanAttack"/>
            </choice>
            <choice name="build"/>
            <choice name="Huntable"/>
            <choice name="Tree"/>
            <choice name="AbstractMine"/>
            <choice name="AbstractFarm"/>
            <choice name="AbstractResourceCrate"/>
            <choice name="AbstractFruit"/>
          </targetlogic>
        </choice>
        <choice name="SPCAct3">
          <targetlogic>
            <choice name="default">
              <soundset name="BritishPikemanAcknowledge"/>
            </choice>
            <choice name="enemy">
              <soundset name="BritishPikemanAttack"/>
            </choice>
            <choice name="build"/>
            <choice name="Huntable"/>
            <choice name="Tree"/>
            <choice name="AbstractMine"/>
            <choice name="AbstractFarm"/>
            <choice name="AbstractResourceCrate"/>
            <choice name="AbstractFruit"/>
          </targetlogic>
        </choice>
        <choice name="SPCAct2">
          <targetlogic>
            <choice name="default">
              <soundset name="BritishPikemanAcknowledge"/>
            </choice>
            <choice name="enemy">
              <soundset name="BritishPikemanAttack"/>
            </choice>
            <choice name="build"/>
            <choice name="Huntable"/>
            <choice name="Tree"/>
            <choice name="AbstractMine"/>
            <choice name="AbstractFarm"/>
            <choice name="AbstractResourceCrate"/>
            <choice name="AbstractFruit"/>
          </targetlogic>
        </choice>
      </civlogic>
    </soundtype>
  </protounit>
</protounitsounddef>
