<?xml version="1.0" encoding="utf-8"?>

<protounitsounddef>
  <protounit name="Priest">
    <soundtype name="Select">
      <civlogic>
        <choice name="Nature"/>
        <choice name="French">
          <soundset name="FrenchSurgeonSelect"/>
        </choice>
        <choice name="British">
          <soundset name="BritishSurgeonSelect"/>
        </choice>
        <choice name="Russians">
          <soundset name="RussianSurgeonSelect"/>
        </choice>
        <choice name="Ottomans">
          <soundset name="OttomanImamSelect"/>
        </choice>
        <choice name="Dutch">
          <soundset name="DutchSurgeonSelect"/>
        </choice>
        <choice name="Spanish">
          <soundset name="SpanishPriestSelect"/>
        </choice>
        <choice name="Portuguese">
          <soundset name="PortuguesePriestSelect"/>
        </choice>
        <choice name="Germans">
          <soundset name="GermanSurgeonSelect"/>
        </choice>
        <choice name="Aztecs"/>
        <choice name="Incas"/>
        <choice name="Maya"/>
        <choice name="Seminoles"/>
        <choice name="Caribs"/>
        <choice name="Cherokee"/>
        <choice name="Iroquois"/>
        <choice name="Cree"/>
        <choice name="Lakota"/>
        <choice name="Comanche"/>
        <choice name="Nootka"/>
        <choice name="Tupi"/>
        <choice name="SPCAct1">
          <soundset name="SpanishPriestSelect"/>
        </choice>
        <choice name="SPCAct2">
          <soundset name="BritishSurgeonSelect"/>
        </choice>
        <choice name="SPCAct3">
          <soundset name="BritishSurgeonSelect"/>
        </choice>
        <choice name="Japanese">
          <soundset name="DutchSurgeonSelect"/>
        </choice>
        <choice name="Chinese">
          <soundset name="DutchSurgeonSelect"/>
        </choice>
        <choice name="Indians">
          <soundset name="DutchSurgeonSelect"/>
        </choice>
        <choice name="SPCJapanese">
          <soundset name="DutchSurgeonSelect"/>
        </choice>
        <choice name="SPCChinese">
          <soundset name="DutchSurgeonSelect"/>
        </choice>
        <choice name="SPCIndians">
          <soundset name="DutchSurgeonSelect"/>
        </choice>
      </civlogic>
    </soundtype>
    <soundtype name="Grunt">
      <soundset name="GenericMaleGrunt"/>
    </soundtype>
    <soundtype name="Death">
      <soundset name="GenericMaleDeath"/>
    </soundtype>
    <soundtype name="Creation">
      <soundset name="SettlerBirth"/>
    </soundtype>
    <soundtype name="Acknowledge">
      <civlogic>
        <choice name="Nature">
          <targetlogic>
            <choice name="default"/>
            <choice name="enemy"/>
          </targetlogic>
        </choice>
        <choice name="French">
          <targetlogic>
            <choice name="default">
              <soundset name="FrenchSurgeonAcknowledge"/>
            </choice>
            <choice name="enemy"/>
          </targetlogic>
        </choice>
        <choice name="British">
          <targetlogic>
            <choice name="default">
              <soundset name="BritishSurgeonAcknowledge"/>
            </choice>
            <choice name="enemy"/>
          </targetlogic>
        </choice>
        <choice name="Russians">
          <targetlogic>
            <choice name="default">
              <soundset name="RussianSurgeonAcknowledge"/>
            </choice>
            <choice name="enemy"/>
          </targetlogic>
        </choice>
        <choice name="Ottomans">
          <targetlogic>
            <choice name="default"/>
            <choice name="enemy"/>
          </targetlogic>
        </choice>
        <choice name="Dutch">
          <targetlogic>
            <choice name="default">
              <soundset name="DutchSurgeonAcknowledge"/>
            </choice>
            <choice name="enemy"/>
          </targetlogic>
        </choice>
        <choice name="Spanish">
          <targetlogic>
            <choice name="default">
              <soundset name="SpanishPriestAcknowledge"/>
            </choice>
            <choice name="enemy"/>
          </targetlogic>
        </choice>
        <choice name="Portuguese">
          <targetlogic>
            <choice name="default">
              <soundset name="PortuguesePriestAcknowledge"/>
            </choice>
            <choice name="enemy"/>
          </targetlogic>
        </choice>
        <choice name="Germans">
          <targetlogic>
            <choice name="default">
              <soundset name="GermanSurgeonAcknowledge"/>
            </choice>
            <choice name="enemy"/>
          </targetlogic>
        </choice>
        <choice name="Aztecs">
          <targetlogic>
            <choice name="default"/>
            <choice name="enemy"/>
          </targetlogic>
        </choice>
        <choice name="Incas">
          <targetlogic>
            <choice name="default"/>
            <choice name="enemy"/>
          </targetlogic>
        </choice>
        <choice name="Maya">
          <targetlogic>
            <choice name="default"/>
            <choice name="enemy"/>
          </targetlogic>
        </choice>
        <choice name="Seminoles">
          <targetlogic>
            <choice name="default"/>
            <choice name="enemy"/>
          </targetlogic>
        </choice>
        <choice name="Caribs">
          <targetlogic>
            <choice name="default"/>
            <choice name="enemy"/>
          </targetlogic>
        </choice>
        <choice name="Cherokee">
          <targetlogic>
            <choice name="default"/>
            <choice name="enemy"/>
          </targetlogic>
        </choice>
        <choice name="Iroquois">
          <targetlogic>
            <choice name="default"/>
            <choice name="enemy"/>
          </targetlogic>
        </choice>
        <choice name="Cree">
          <targetlogic>
            <choice name="default"/>
            <choice name="enemy"/>
          </targetlogic>
        </choice>
        <choice name="Lakota">
          <targetlogic>
            <choice name="default"/>
            <choice name="enemy"/>
          </targetlogic>
        </choice>
        <choice name="Comanche">
          <targetlogic>
            <choice name="default"/>
            <choice name="enemy"/>
          </targetlogic>
        </choice>
        <choice name="Nootka">
          <targetlogic>
            <choice name="default"/>
            <choice name="enemy"/>
          </targetlogic>
        </choice>
        <choice name="Tupi">
          <targetlogic>
            <choice name="default"/>
            <choice name="enemy"/>
          </targetlogic>
        </choice>
        <choice name="SPCAct1">
          <targetlogic>
            <choice name="default">
              <soundset name="SpanishPriestAcknowledge"/>
            </choice>
            <choice name="enemy"/>
            <choice name="build"/>
            <choice name="Huntable"/>
            <choice name="Tree"/>
            <choice name="AbstractMine"/>
            <choice name="AbstractFarm"/>
            <choice name="AbstractResourceCrate"/>
            <choice name="AbstractFruit"/>
          </targetlogic>
        </choice>
        <choice name="SPCAct2">
          <targetlogic>
            <choice name="default">
              <soundset name="BritishSurgeonAcknowledge"/>
            </choice>
            <choice name="enemy"/>
            <choice name="build"/>
            <choice name="Huntable"/>
            <choice name="Tree"/>
            <choice name="AbstractMine"/>
            <choice name="AbstractFarm"/>
            <choice name="AbstractResourceCrate"/>
            <choice name="AbstractFruit"/>
          </targetlogic>
        </choice>
        <choice name="SPCAct3">
          <targetlogic>
            <choice name="default">
              <soundset name="BritishSurgeonAcknowledge"/>
            </choice>
            <choice name="enemy"/>
            <choice name="build"/>
            <choice name="Huntable"/>
            <choice name="Tree"/>
            <choice name="AbstractMine"/>
            <choice name="AbstractFarm"/>
            <choice name="AbstractResourceCrate"/>
            <choice name="AbstractFruit"/>
          </targetlogic>
        </choice>
        <choice name="Japanese">
          <targetlogic>
            <choice name="default">
              <soundset name="DutchSurgeonAcknowledge"/>
            </choice>
            <choice name="enemy"/>
          </targetlogic>
        </choice>
        <choice name="Chinese">
          <targetlogic>
            <choice name="default">
              <soundset name="DutchSurgeonAcknowledge"/>
            </choice>
            <choice name="enemy"/>
          </targetlogic>
        </choice>
        <choice name="Indians">
          <targetlogic>
            <choice name="default">
              <soundset name="DutchSurgeonAcknowledge"/>
            </choice>
            <choice name="enemy"/>
          </targetlogic>
        </choice>
        <choice name="SPCJapanese">
          <targetlogic>
            <choice name="default">
              <soundset name="DutchSurgeonAcknowledge"/>
            </choice>
            <choice name="enemy"/>
          </targetlogic>
        </choice>
        <choice name="SPCChinese">
          <targetlogic>
            <choice name="default">
              <soundset name="DutchSurgeonAcknowledge"/>
            </choice>
            <choice name="enemy"/>
          </targetlogic>
        </choice>
        <choice name="SPCIndians">
          <targetlogic>
            <choice name="default">
              <soundset name="DutchSurgeonAcknowledge"/>
            </choice>
            <choice name="enemy"/>
          </targetlogic>
        </choice>
      </civlogic>
    </soundtype>
  </protounit>
</protounitsounddef>
